ScientificName,CommonName,Genus,Species,Family,Order,Class,Phylum,Kingdom,AphiaID,TSN,Authority,DiscoveryYear,taxonomicStatus,AcceptedName,AcceptedIDAcropora cervicornis,Staghorn coral ,Acropora,cervicornis,Acroporidae,Scleractinia,Anthozoa,Cnidaria,Animalia,206989,52862,Lamarck,1816,accepted,Acropora cervicornis,206989Acropora palmata,Elkhorn coral,Acropora,palmata,Acroporidae,Scleractinia,Anthozoa,Cnidaria,Animalia,288227,52861,Lamarck,1816,accepted,Acropora palmata,288227Acropora prolifera,fused Staghorn coral ,Acropora,prolifera,Acroporidae,Scleractinia,Anthozoa,Cnidaria,Animalia,288235,52863,Lamarck,1816,accepted,Acropora prolifera,288235Agaricia agaricites complex,Lettuce corals,Agaricia,,Agariciidae,Scleractinia,Anthozoa,Cnidaria,Animalia,287911,,Linnaeus,1758,accepted,Agaricia agaricites complex,287911Agaricia fragilis,fragile saucer coral,Agaricia,fragilis,Agariciidae,Scleractinia,Anthozoa,Cnidaria,Animalia,287912,53055,Dana,1848,accepted,Agaricia fragilis,287912Agaricia lamarcki,Lamarcks sheet coral ,Agaricia,lamarcki,Agariciidae,Scleractinia,Anthozoa,Cnidaria,Animalia,287915,53058,Milne Edwards & Haime,1851,accepted,Agaricia lamarcki,287915Astrangia poculata,Northern star coral ,Astrangia, poculata,Rhizangiidae,Scleractinia,Anthozoa,Cnidaria,Animalia,157967,53370,Ellis and Solander,1786,accepted,Astrangia poculata,157967Cladocora arbuscula,Tube coral ,Cladocora,arbuscula,Caryophylliina,Scleractinia,Anthozoa,Cnidaria,Animalia,286778,53248,Le Sueur,1821,accepted,Cladocora arbuscula,286778Colpophyllia natans,Boulder brain coral,Colpophyllia,natans,Mussidae,Scleractinia,Anthozoa,Cnidaria,Animalia,289697,53289,Houttuyn,1772,accepted,Colpophyllia natans,289697Dendrogyra cylindrus,Pillar coral,Dendrogyra,cylindrus,Meandrinidae,Scleractinia,Anthozoa,Cnidaria,Animalia,418865,,Ehrenberg,1834,accepted,Dendrogyra cylindrus,418865Dichocoenia stokesii,Pineapple cora,Dichocoenia,stokesii,Meandrinidae,Scleractinia,Anthozoa,Cnidaria,Animalia,289807,53420,Milne Edwards & Haime,1848,accepted,Dichocoenia stokesii,289807Diploria clivosa,Knobby brain coral,Diploria,clivosa,Mussidae,Scleractinia,Anthozoa,Cnidaria,Animalia,289825,53285,Ellis & Solander,1786,unaccepted,Pseudodiploria_clivosa,828326Diploria labyrinthiformis,Grooved brain coral,Diploria,labyrinthiformis,Mussidae,Scleractinia,Anthozoa,Cnidaria,Animalia,289826,53286,Linnaeus,1758,accepted,Diploria labyrinthiformis,289826Diploria strigosa,Symmetrical brain coral,Diploria,strigosa,Mussidae,Scleractinia,Anthozoa,Cnidaria,Animalia,289827,53287,Dana,1846,unaccepted,Pseudodiploria_strigosa,718718Eusmilia fastigiata,Smooth flower coral ,Eusmilia,fastigiata,Caryophylliidae,Scleractinia,Anthozoa,Cnidaria,Animalia,289939,53622,Pallas,1766,accepted,Eusmilia fastigiata,289939Favia fragum,Golfball coral ,Favia,fragum,Mussidae,Scleractinia,Anthozoa,Cnidaria,Animalia,207432,53267,Esper,1795,accepted,Favia fragum,207432Helioseris cucullata,Sunray lettuce coral,Helioseris,cucullata,Agariciidae,Scleractinia,Anthozoa,Cnidaria,Animalia,290083,53037,Ellis and Solander,1786,accepted,Helioseris cucullata,290083Isophyllastrea rigida,Rough star coral,Isophyllastrea,rigida,Mussidae,Scleractinia,Anthozoa,Cnidaria,Animalia,292162,53495,Dana,1846,unaccepted,Isophyllia_rigida,287850Isophyllia rigida,Rough star coral,Isophyllia,rigida,Mussidae,Scleractinia,Anthozoa,Cnidaria,Animalia,287850,53494,Dana,1848,accepted,Isophyllia rigida,287850Isophyllia sinuosa,Sinuous cactus coral,Isophyllia,sinuosa,Mussidae,Scleractinia,Anthozoa,Cnidaria,Animalia,216134,53476,Ellis & Solander,1786,accepted,Isophyllia sinuosa,216134Leptoseris cucullata,Sunray lettuce coral,Leptoseris,cucullata,Agariciidae,Scleractinia,Anthozoa,Cnidaria,Animalia,418864,53036,Ellis & Solander,1786,unaccepted,Helioseris cucullata,290083Madracis auretenra,Yellow pencil coral,Madracis,auretenra,Astrocoeniidae,Scleractinia,Anthozoa,Cnidaria,Animalia,430664,,Locke & Weil & Coates,2007,accepted,Madracis auretenra,430664Madracis decactis,Ten-ray star coral,Madracis,decactis,Astrocoeniidae,Scleractinia,Anthozoa,Cnidaria,Animalia,287107,53009,Lyman,1859,accepted,Madracis decactis,287107Madracis decactis complex,Ten-ray star coral,Madracis,,Astrocoeniidae,Scleractinia,Anthozoa,Cnidaria,Animalia,135125,,Milne Edwards & Haime,1849,accepted,Madracis decactis complex,135125Madracis mirabilis,Yellow pencil coral ,Madracis,mirabilis,Astrocoeniidae,Scleractinia,Anthozoa,Cnidaria,Animalia,479012,53011,Duchassaing and Michelotti,1860,unaccepted,Madracis myriaster,287111Madracis pharensis,Star coral,Madracis,pharensis,Astrocoeniidae,Scleractinia,Anthozoa,Cnidaria,Animalia,135212,53014,Heller,1868,accepted,Madracis pharensis,135212Manicina areolata,Rose coral ,Manicina,areolata,Mussidae,Scleractinia,Anthozoa,Cnidaria,Animalia,290327,53281,Linnaeus,1758,accepted,Manicina areolata,290327Meandrina meandrites,Maze coral,Meandrina,meandrites,Meandrinidae,Scleractinia,Anthozoa,Cnidaria,Animalia,289232,53423,Linnaeus,1758,accepted,Meandrina meandrites,289232Millepora alcicornis,Fire coral,Millepora,alcicornis,Milleporidae,Anthoathecata,Hydrozoa,Cnidaria,Animalia,210726,50877,Linnaeus,1758,accepted,Millepora alcicornis,210726Millepora complanata,Bladed fire coral,Millepora,complanata,Milleporidae,Anthoathecata,Hydrozoa,Cnidaria,Animalia,287421,50880,Lamarck,1816,accepted,Millepora complanata,287421Montastraea annularis complex,Caribbean star corals,Montastraea,,Montastraeidae,Scleractinia,Anthozoa,Cnidaria,Animalia,204717,,Blaineville,1830,accepted,Montastraea annularis complex,204717Montastraea cavernosa,Great star coral,Montastraea,cavernosa,Montastraeidae,Scleractinia,Anthozoa,Cnidaria,Animalia,287962,53255,Linnaeus,1767,accepted,Montastraea cavernosa,287962Mussa angulosa,Spiny flower coral,Mussa,angulosa,Mussidae,Scleractinia,Anthozoa,Cnidaria,Animalia,216135,53474,Pallas,1766,accepted,Mussa angulosa,216135Mycetophyllia aliciae,Knobby cactus coral,Mycetophyllia,aliciae,Mussidae,Scleractinia,Anthozoa,Cnidaria,Animalia,290424,53482,Wells,1973,accepted,Mycetophyllia aliciae,290424Mycetophyllia danaana,Lowridge cactus coral ,Mycetophyllia,danaana,Mussidae,Scleractinia,Anthozoa,Cnidaria,Animalia,290425,53480,Milne Edwards & Haime,1849,accepted,Mycetophyllia danaana,290425Mycetophyllia ferox,Rough cactus coral ,Mycetophyllia,ferox,Mussidae,Scleractinia,Anthozoa,Cnidaria,Animalia,290426,53481,Wells,1973,accepted,Mycetophyllia ferox,290426Mycetophyllia lamarckiana,Ridged cactus coral ,Mycetophyllia,lamarckiana,Mussidae,Scleractinia,Anthozoa,Cnidaria,Animalia,290427,53479,Milne Edwards & Haime,1848,accepted,Mycetophyllia lamarckiana,290427Mycetophyllia lamarckiana complex,Ridged cactus coral ,Mycetophyllia,,Mussidae,Scleractinia,Anthozoa,Cnidaria,Animalia,267606,,Milne Edwards & Haime,1848,accepted,Mycetophyllia lamarckiana complex,267606Oculina diffusa,Ivory bush coral,Oculina,diffusa,Oculinidae,Scleractinia,Anthozoa,Cnidaria,Animalia,287097,53395,Lamarck,1816,accepted,Oculina diffusa,287097Oculina robusta,Robust ivory tree coral,Oculina,robusta,Oculinidae,Scleractinia,Anthozoa,Cnidaria,Animalia,287099,53396,Pourtales,1871,accepted,Oculina robusta,287099Orbicella annularis complex,Caribbean star coral ,Orbicella,,Merulinidae,Scleractinia,Anthozoa,Cnidaria,Animalia,758259,,Dana,1846,accepted,Orbicella annularis complex,758259Porites astreoides,Yellow porites,Porites,astreoides,Poritidae,Scleractinia,Anthozoa,Cnidaria,Animalia,288889,53184,Lamarck,1816,accepted,Porites astreoides,288889Porites branneri,Blue crust coral ,Porites,branneri,Poritidae,Scleractinia,Anthozoa,Cnidaria,Animalia,288892,53186,Rathbun,1888,accepted,Porites branneri,288892Porites porites,Clubtip finger coral,Porites,porites,Poritidae,Scleractinia,Anthozoa,Cnidaria,Animalia,207238,53180,Pallas,1766,accepted,Porites porites,207238Porites porites complex,Hump coral,Porites,,Poritidae,Scleractinia,Anthozoa,Cnidaria,Animalia,206485,,Link,1807,accepted,Porites porites complex,206485Phyllangia americana,Hidden cup coral,Phyllangia, americana,Caryophylliidae,Scleractinia,Anthozoa,Cnidaria,Animalia,346430,53378,Milne Edwards and Haime,1849,accepted,Phyllangia americana,346430Pseudodiploria clivosa,Knobby brain coral,Pseudodiploria,clivosa,Mussidae,Scleractinia,Anthozoa,Cnidaria,Animalia,828326,,Ellis & Solander,1786,accepted,Pseudodiploria clivosa,828326Pseudodiploria strigosa,Symmetrical brain coral,Pseudodiploria, strigosa,Mussidae,Scleractinia,Anthozoa,Cnidaria,Animalia,718718,,Dana,1846,accepted,Pseudodiploria strigosa,718718Scleractinia,Stony coral,,,,Scleractinia,Anthozoa,Cnidaria,Animalia,1363,52839,Bourne,1900,accepted,Scleractinia,1363Scolymia cubensis,Artichoke coral,Scolymia,cubensis,Mussidae,Scleractinia,Anthozoa,Cnidaria,Animalia,287852,53486,Milne Edwards & Haime,1848,accepted,Scolymia cubensis,287852Scolymia lacera,Atlantic mushroom coral,Scolymia, lacera,Mussidae,Scleractinia,Anthozoa,Cnidaria,Animalia,287853,53485,Pallas,1766,accepted,Scolymia lacera,287853Scolymia sp_,Scoly coral,Scolymia,,Mussidae,Scleractinia,Anthozoa,Cnidaria,Animalia,204384,,Haime,1852,accepted,Scolymia,204384Siderastrea radians,Lesser starlet coral,Siderastrea,radians,Siderastreidae,Scleractinia,Anthozoa,Cnidaria,Animalia,207517,53091,Pallas,1766,accepted,Siderastrea radians,207517Siderastrea siderea,Massive starlet coral,Siderastrea,siderea,Siderastreidae,Scleractinia,Anthozoa,Cnidaria,Animalia,207516,53090,Ellis & Solander,1768,accepted,Siderastrea siderea,207516Solenastrea bournoni,Smooth star coral,Solenastrea,bournoni,Scleractinia incertae sedis,Scleractinia,Anthozoa,Cnidaria,Animalia,291054,53253,Milne Edwards & Haime,1849,accepted,Solenastrea bournoni,291054Solenastrea hyades,Knobby star coral,Solenastrea,hyades,Scleractinia incertae sedis,Scleractinia,Anthozoa,Cnidaria,Animalia,291055,53252,Dana,1846,accepted,Solenastrea hyades,291055Stephanocoenia intersepta,Blushing star coral,Stephanocoenia,intersepta,Astrocoeniidae,Scleractinia,Anthozoa,Cnidaria,Animalia,291119,52844,Lamarck,1836,accepted,Stephanocoenia intersepta,291119Stephanocoenia michelinii,Blushing star coral,Stephanocoenia,michelini,Astrocoeniidae,Scleractinia,Anthozoa,Cnidaria,Animalia,292151,52842,Milne Edwards & Haime,1848,unaccepted,Stephanocoenia intersepta,291119Undaria agaricites complex,Lowrelief lettuce corals,Undaria,,Agariciidae,Scleractinia,Anthozoa,Cnidaria,Animalia,,,Linnaeus,1758,unaccepted,Agaricia agaricites complex,,Cyano slime,,,,,,Cyanobacteria,Backteria,146542,602,Schaffner,1909,accepted,Cyanophyceae,146542,Cyano w/ structure,,,,,,Cyanobacteria,Backteria,146542,602,Schaffner,1909,accepted,Cyanophyceae,146542Lyngbia sp_,Cyanobacteria,Lyngbya,,Oscillatoriaceae,Oscillatoriales,Cyanophyceae,Cyanobacteria,Backteria,146538,,C.Agardh ex Gomont,1892,accepted,Lyngbya,146538,Macroalgae,,,,,,,Plantae,,,,,unaccepted,,,Other Macroalgae,,,,,,,Plantae,,,,,unaccepted,,Dictyota sp_,Brown algae,Dictyota,,Dictyotaceae,Dictyotales,Phaeophyceae,Ochrophyta,Chromista,144086,11162,J.V.Lamouroux,1809,accepted,Dictyota sp_,144086Halimeda sp_,Green macroalgae,Halimeda,,Halimedaceae,Bryopsidales,Ulvophyceae,Chlorophyta,Plantae,143820,6922,J.V.Lamouroux,1812,accepted,Halimeda sp_,143820Lobophora sp_,Thalloid brown alga,Lobophora,,Dictyotaceae,Dictyotales,Phaeophyceae,Ochrophyta,Chromista,144087,183979,J.Agardh,1894,accepted,Lobophora sp_,144087Octocorallia,,,,,,Anthozoa,Cnidaria,Animalia,1292,52004,Ehrenberg,1834,accepted,Anthozoa,1292,Branching Octocoral,,,,,Anthozoa,Cnidaria,Animalia,1292,52004,Ehrenberg,1834,accepted,Anthozoa,1292,Encrusting Octocoral,,,,,Anthozoa,Cnidaria,Animalia,1292,52004,Ehrenberg,1834,accepted,Anthozoa,1292Gorgonia ventalina,Common sea fan,Gorgonia,ventalina,Gorgoniidae,Alcyonacea,Anthozoa,Cnidaria,Animalia,290045,52272,Linnaeus,1758,accepted,Gorgonia ventalina,290045Porifera,Sponge,,,,,,Porifera,Animalia,558,46861,Grant,1836,accepted,Porifera,558,Other Sponge,,,,,,Porifera,Animalia,558,46861,Grant,1836,accepted,Porifera,558Xestospongia muta,Giant barrel sponge,Xestospongia,muta,Petrosiidae,Haplosclerida,Demospongiae,Porifera,Animalia,166894,47837,Schmidt,1870,accepted,Xestospongia muta,166894,Seagrass,,,,Alismatales,Magnoliopsida,Tracheophyta,Plantae,153491,38883,R.Br. ex Bercht. & J.Presl,1820,accepted,,153491,Substrate,,,,,,,,,,,,unaccepted,,,Bare Substrate,,,,,,,,,,,,unaccepted,,,Crustose Coralline Algae,,,,Corallinales,Florideophycidea,Rhodophyta,Plantae,15308,660049,P.C. Silva & H.W. Johansen,1986,accepted,Corallinales,15308,Turf Algae,,,,,,,Plantae,3,,Haeckel,1866,accepted,Plantae,3,Unconsolidated Substrate,,,,,,,,,,,,unaccepted,,Zoanthidea,,,,,Zoanthidae,Anthozoa,Cnidaria,Animalia,16327,52435,Lamarck,1801,unaccepted,Zoantharia,16327Palythoa caribaeorum,White Encrusting Zoanthid,Palythoa,caribaeorum,Sphenopidae,Zoantharia,Anthozoa,Cnidaria,Animalia,288456,,Duchassaing & Michelotti,1860,accepted,Palythoa caribaeorum,288456Diadema antillarum,Long-spined sea urchin,Diadema,antillarum,Diadematidae,Diadematoida,Echinoidea,Echinodermata,Animalia,124332,157877,Philippi,1845,accepted,Diadema antillarum,124332,Other biota 1,,,,,,,,,,,,unaccepted,,Anemone,Sea anemones,,,,Actiniaria,Anthozoa,Cnidaria,Animalia,1360,52485,Ehrenberg,1834,accepted,Actiniaria,1360Corallimorphs,Marine cnidarians ,Corallimorphus,,Corallimorphidae,Corallimorpharia,Anthozoa,Cnidaria,Animalia,100784,52481,Moseley,1877,accepted,Corallimorphs,100784Hydroids,Hydroids,,,Serpulidae,Sedentaria,Polychaeta,Annelida,Animalia,129566,68281,Gunnerus,1768,accepted,Hydroids,129566Polychaetes,Bristle worms,,,,,Polychaeta,Annelida,Animalia,883,914166,Grube,1850,accepted,Polychaetes,883Tunicates,Sea squirts,,,,,Ascidiacea,chordata,Animalia,1839,158854,Blainville,1824,accepted,Tunicates,1839Zoanthids,Zoanthids,,,,Zoantharia,Anthozoa,Cnidaria,Animalia,16327,52435,Lamarck,1801,accepted,Zoantharia,16327Stypopodium sp_,thalloid brown alga,Stypopodium,,Dictyotaceae,Dictyotales,Phaeophyceae,Ochrophyta,Chromista,144091,182968,Kuetzing,1843,accepted,Stypopodium sp_,144091Unidentified Biota,,,,,,,,,,,,,,,Unknown,,,,,,,,,,,,,,,